year,nationality_of_ownership,Actual_Capital_Expenditure_-_Instruments_and_Equipment_excluding_software,Actual_Capital_Expenditure_-_Land_and_Buildings,Actual_Capital_Expenditure_-_Software_development_by_company_in-house_and_used_in-house,Actual_Capital_Expenditure_-_Software_purchased_wholly_for_Research_and_Development_purposes,Actual_Capital_Expenditure-_Payments_made_for_licences_to_use_intellectual_products,Actual_Current_Expenditure_-_Labour_Costs,Actual_Current_Expenditure_-_Other_Current_Costs,Actual_Total_Capital_Expenditure,Actual_Total_Current_Expenditure,Actual_Total_Research_and_Development_Expenditure,Estimated_Capital_Expenditure_-_Instruments_and_Equipment_excluding_software,Estimated_Capital_Expenditure_-_Land_and_Buildings,Estimated_Capital_Expenditure_-_Software_development_by_company_in-house_and_used_in-house,Estimated_Capital_Expenditure_-_Software_purchased_wholly_for_Research_and_Development_purposes,Estimated_Capital_Expenditure-_Payments_made_for_licences_to_use_intellectual_products,Estimated_Current_Expenditure_-_Labour_Costs,Estimated_Current_Expenditure_-_Other_Current_Costs,Estimated_Total_Capital_Expenditure,Estimated_Total_Current_Expenditure,Estimated_Total_Research_and_Development_Expenditure,expenditure,Enterprises_Engaged_in_Research_and_Development_Activities_%,Enterprises_Engaged_in_Research_and_Development_Activities_Number,type_of_innovation,Enterprises_Engaged_in_Intellectual_Property_Rights_Activities
0,0,205704.0,73566.0,41504.71428571428,11589.666666666666,21112.571428571428,843847.0,480067.0,279271.0,1323914.0,1603185.0,79985.17391304347,29891.942028985508,54298.242424242424,9640.363636363636,88543.5303030303,1157712.9605263157,627079.9210526316,447149.3157894737,1784793.144736842,2424300.5555555555,0-99k,34.7,419.0,0,5.658666666666666
0,0,205704.0,73566.0,41504.71428571428,11589.666666666666,21112.571428571428,843847.0,480067.0,279271.0,1323914.0,1603185.0,79985.17391304347,29891.942028985508,54298.242424242424,9640.363636363636,88543.5303030303,1157712.9605263157,627079.9210526316,447149.3157894737,1784793.144736842,2424300.5555555555,100k-499k,33.0,398.0,0,5.658666666666666
0,0,205704.0,73566.0,41504.71428571428,11589.666666666666,21112.571428571428,843847.0,480067.0,279271.0,1323914.0,1603185.0,79985.17391304347,29891.942028985508,54298.242424242424,9640.363636363636,88543.5303030303,1157712.9605263157,627079.9210526316,447149.3157894737,1784793.144736842,2424300.5555555555,2M-4.99M,7.5,90.0,0,5.658666666666666
0,0,205704.0,73566.0,41504.71428571428,11589.666666666666,21112.571428571428,843847.0,480067.0,279271.0,1323914.0,1603185.0,79985.17391304347,29891.942028985508,54298.242424242424,9640.363636363636,88543.5303030303,1157712.9605263157,627079.9210526316,447149.3157894737,1784793.144736842,2424300.5555555555,500k-1.99M,18.7,226.0,0,5.658666666666666
0,0,205704.0,73566.0,41504.71428571428,11589.666666666666,21112.571428571428,843847.0,480067.0,279271.0,1323914.0,1603185.0,79985.17391304347,29891.942028985508,54298.242424242424,9640.363636363636,88543.5303030303,1157712.9605263157,627079.9210526316,447149.3157894737,1784793.144736842,2424300.5555555555,5M+,6.1,73.0,0,5.658666666666666
0,0,205704.0,73566.0,41504.71428571428,11589.666666666666,21112.571428571428,843847.0,480067.0,279271.0,1323914.0,1603185.0,79985.17391304347,29891.942028985508,54298.242424242424,9640.363636363636,88543.5303030303,1157712.9605263157,627079.9210526316,447149.3157894737,1784793.144736842,2424300.5555555555,Any expenditure,100.0,1206.0,0,5.658666666666666
0,1,24974.0,7410.0,41504.71428571428,11589.666666666666,21112.571428571428,280135.0,130492.0,32384.0,410627.0,443010.0,79985.17391304347,29891.942028985508,54298.242424242424,9640.363636363636,88543.5303030303,1157712.9605263157,627079.9210526316,447149.3157894737,1784793.144736842,2424300.5555555555,0-99k,40.1,328.0,0,5.658666666666666
0,1,24974.0,7410.0,41504.71428571428,11589.666666666666,21112.571428571428,280135.0,130492.0,32384.0,410627.0,443010.0,79985.17391304347,29891.942028985508,54298.242424242424,9640.363636363636,88543.5303030303,1157712.9605263157,627079.9210526316,447149.3157894737,1784793.144736842,2424300.5555555555,100k-499k,35.9,293.0,0,5.658666666666666
0,1,24974.0,7410.0,41504.71428571428,11589.666666666666,21112.571428571428,280135.0,130492.0,32384.0,410627.0,443010.0,79985.17391304347,29891.942028985508,54298.242424242424,9640.363636363636,88543.5303030303,1157712.9605263157,627079.9210526316,447149.3157894737,1784793.144736842,2424300.5555555555,2M-4.99M,4.5,37.0,0,5.658666666666666
0,1,24974.0,7410.0,41504.71428571428,11589.666666666666,21112.571428571428,280135.0,130492.0,32384.0,410627.0,443010.0,79985.17391304347,29891.942028985508,54298.242424242424,9640.363636363636,88543.5303030303,1157712.9605263157,627079.9210526316,447149.3157894737,1784793.144736842,2424300.5555555555,500k-1.99M,18.0,147.0,0,5.658666666666666
0,1,24974.0,7410.0,41504.71428571428,11589.666666666666,21112.571428571428,280135.0,130492.0,32384.0,410627.0,443010.0,79985.17391304347,29891.942028985508,54298.242424242424,9640.363636363636,88543.5303030303,1157712.9605263157,627079.9210526316,447149.3157894737,1784793.144736842,2424300.5555555555,5M+,1.5,12.0,0,5.658666666666666
0,1,24974.0,7410.0,41504.71428571428,11589.666666666666,21112.571428571428,280135.0,130492.0,32384.0,410627.0,443010.0,79985.17391304347,29891.942028985508,54298.242424242424,9640.363636363636,88543.5303030303,1157712.9605263157,627079.9210526316,447149.3157894737,1784793.144736842,2424300.5555555555,Any expenditure,100.0,817.0,0,5.658666666666666
0,2,180730.0,66157.0,41504.71428571428,11589.666666666666,21112.571428571428,563712.0,349576.0,246887.0,913287.0,1160174.0,79985.17391304347,29891.942028985508,54298.242424242424,9640.363636363636,88543.5303030303,1157712.9605263157,627079.9210526316,447149.3157894737,1784793.144736842,2424300.5555555555,0-99k,23.4,91.0,0,5.658666666666666
0,2,180730.0,66157.0,41504.71428571428,11589.666666666666,21112.571428571428,563712.0,349576.0,246887.0,913287.0,1160174.0,79985.17391304347,29891.942028985508,54298.242424242424,9640.363636363636,88543.5303030303,1157712.9605263157,627079.9210526316,447149.3157894737,1784793.144736842,2424300.5555555555,100k-499k,27.0,105.0,0,5.658666666666666
0,2,180730.0,66157.0,41504.71428571428,11589.666666666666,21112.571428571428,563712.0,349576.0,246887.0,913287.0,1160174.0,79985.17391304347,29891.942028985508,54298.242424242424,9640.363636363636,88543.5303030303,1157712.9605263157,627079.9210526316,447149.3157894737,1784793.144736842,2424300.5555555555,2M-4.99M,13.9,54.0,0,5.658666666666666
0,2,180730.0,66157.0,41504.71428571428,11589.666666666666,21112.571428571428,563712.0,349576.0,246887.0,913287.0,1160174.0,79985.17391304347,29891.942028985508,54298.242424242424,9640.363636363636,88543.5303030303,1157712.9605263157,627079.9210526316,447149.3157894737,1784793.144736842,2424300.5555555555,500k-1.99M,20.3,79.0,0,5.658666666666666
0,2,180730.0,66157.0,41504.71428571428,11589.666666666666,21112.571428571428,563712.0,349576.0,246887.0,913287.0,1160174.0,79985.17391304347,29891.942028985508,54298.242424242424,9640.363636363636,88543.5303030303,1157712.9605263157,627079.9210526316,447149.3157894737,1784793.144736842,2424300.5555555555,5M+,15.7,61.0,0,5.658666666666666
0,2,180730.0,66157.0,41504.71428571428,11589.666666666666,21112.571428571428,563712.0,349576.0,246887.0,913287.0,1160174.0,79985.17391304347,29891.942028985508,54298.242424242424,9640.363636363636,88543.5303030303,1157712.9605263157,627079.9210526316,447149.3157894737,1784793.144736842,2424300.5555555555,Any expenditure,100.0,389.0,0,5.658666666666666
1,0,95924.83333333333,33585.625,41504.71428571428,11589.666666666666,21112.571428571428,966545.64,581612.84,283135.68,1548158.16,1955040.4444444445,206768.0,64304.0,54298.242424242424,9640.363636363636,88543.5303030303,905373.0,510286.0,271072.0,1415659.0,1686732.0,,33.33567901234567,390.5246913580247,0,5.658666666666666
1,1,95924.83333333333,33585.625,41504.71428571428,11589.666666666666,21112.571428571428,966545.64,581612.84,283135.68,1548158.16,1955040.4444444445,32505.0,19870.0,54298.242424242424,9640.363636363636,88543.5303030303,308698.0,160376.0,52375.0,469074.0,521449.0,,33.33567901234567,390.5246913580247,0,5.658666666666666
1,2,95924.83333333333,33585.625,41504.71428571428,11589.666666666666,21112.571428571428,966545.64,581612.84,283135.68,1548158.16,1955040.4444444445,174263.0,44434.0,54298.242424242424,9640.363636363636,88543.5303030303,596675.0,349910.0,218698.0,946585.0,1165283.0,,33.33567901234567,390.5246913580247,0,5.658666666666666
2,0,221726.0,49613.0,2666.0,27640.0,23967.0,947497.0,595346.0,325613.0,1542843.0,1868456.0,79985.17391304347,29891.942028985508,54298.242424242424,9640.363636363636,88543.5303030303,1157712.9605263157,627079.9210526316,447149.3157894737,1784793.144736842,2424300.5555555555,0-99k,33.9,435.0,0,5.658666666666666
2,0,221726.0,49613.0,2666.0,27640.0,23967.0,947497.0,595346.0,325613.0,1542843.0,1868456.0,79985.17391304347,29891.942028985508,54298.242424242424,9640.363636363636,88543.5303030303,1157712.9605263157,627079.9210526316,447149.3157894737,1784793.144736842,2424300.5555555555,100k-499k,34.2,439.0,0,5.658666666666666
2,0,221726.0,49613.0,2666.0,27640.0,23967.0,947497.0,595346.0,325613.0,1542843.0,1868456.0,79985.17391304347,29891.942028985508,54298.242424242424,9640.363636363636,88543.5303030303,1157712.9605263157,627079.9210526316,447149.3157894737,1784793.144736842,2424300.5555555555,2M-4.99M,5.1,65.0,0,5.658666666666666
2,0,221726.0,49613.0,2666.0,27640.0,23967.0,947497.0,595346.0,325613.0,1542843.0,1868456.0,79985.17391304347,29891.942028985508,54298.242424242424,9640.363636363636,88543.5303030303,1157712.9605263157,627079.9210526316,447149.3157894737,1784793.144736842,2424300.5555555555,500k-1.99M,21.6,277.0,0,5.658666666666666
2,0,221726.0,49613.0,2666.0,27640.0,23967.0,947497.0,595346.0,325613.0,1542843.0,1868456.0,79985.17391304347,29891.942028985508,54298.242424242424,9640.363636363636,88543.5303030303,1157712.9605263157,627079.9210526316,447149.3157894737,1784793.144736842,2424300.5555555555,5M+,5.2,67.0,0,5.658666666666666
2,0,221726.0,49613.0,2666.0,27640.0,23967.0,947497.0,595346.0,325613.0,1542843.0,1868456.0,79985.17391304347,29891.942028985508,54298.242424242424,9640.363636363636,88543.5303030303,1157712.9605263157,627079.9210526316,447149.3157894737,1784793.144736842,2424300.5555555555,Any expenditure,100.0,1283.0,0,5.658666666666666
2,1,31491.0,12425.0,2412.0,22192.0,22521.0,307620.0,164557.0,91040.0,472177.0,563217.0,79985.17391304347,29891.942028985508,54298.242424242424,9640.363636363636,88543.5303030303,1157712.9605263157,627079.9210526316,447149.3157894737,1784793.144736842,2424300.5555555555,0-99k,40.3,384.0,0,5.658666666666666
2,1,31491.0,12425.0,2412.0,22192.0,22521.0,307620.0,164557.0,91040.0,472177.0,563217.0,79985.17391304347,29891.942028985508,54298.242424242424,9640.363636363636,88543.5303030303,1157712.9605263157,627079.9210526316,447149.3157894737,1784793.144736842,2424300.5555555555,100k-499k,37.0,352.0,0,5.658666666666666
2,1,31491.0,12425.0,2412.0,22192.0,22521.0,307620.0,164557.0,91040.0,472177.0,563217.0,79985.17391304347,29891.942028985508,54298.242424242424,9640.363636363636,88543.5303030303,1157712.9605263157,627079.9210526316,447149.3157894737,1784793.144736842,2424300.5555555555,2M-4.99M,3.6,34.0,0,5.658666666666666
2,1,31491.0,12425.0,2412.0,22192.0,22521.0,307620.0,164557.0,91040.0,472177.0,563217.0,79985.17391304347,29891.942028985508,54298.242424242424,9640.363636363636,88543.5303030303,1157712.9605263157,627079.9210526316,447149.3157894737,1784793.144736842,2424300.5555555555,500k-1.99M,17.9,170.0,0,5.658666666666666
2,1,31491.0,12425.0,2412.0,22192.0,22521.0,307620.0,164557.0,91040.0,472177.0,563217.0,79985.17391304347,29891.942028985508,54298.242424242424,9640.363636363636,88543.5303030303,1157712.9605263157,627079.9210526316,447149.3157894737,1784793.144736842,2424300.5555555555,5M+,1.3,12.0,0,5.658666666666666
2,1,31491.0,12425.0,2412.0,22192.0,22521.0,307620.0,164557.0,91040.0,472177.0,563217.0,79985.17391304347,29891.942028985508,54298.242424242424,9640.363636363636,88543.5303030303,1157712.9605263157,627079.9210526316,447149.3157894737,1784793.144736842,2424300.5555555555,Any expenditure,100.0,952.0,0,5.658666666666666
2,2,190235.0,37189.0,254.0,5448.0,1446.0,639877.0,430789.0,234573.0,1070666.0,1305239.0,79985.17391304347,29891.942028985508,54298.242424242424,9640.363636363636,88543.5303030303,1157712.9605263157,627079.9210526316,447149.3157894737,1784793.144736842,2424300.5555555555,0-99k,15.4,51.0,0,5.658666666666666
2,2,190235.0,37189.0,254.0,5448.0,1446.0,639877.0,430789.0,234573.0,1070666.0,1305239.0,79985.17391304347,29891.942028985508,54298.242424242424,9640.363636363636,88543.5303030303,1157712.9605263157,627079.9210526316,447149.3157894737,1784793.144736842,2424300.5555555555,100k-499k,26.3,87.0,0,5.658666666666666
2,2,190235.0,37189.0,254.0,5448.0,1446.0,639877.0,430789.0,234573.0,1070666.0,1305239.0,79985.17391304347,29891.942028985508,54298.242424242424,9640.363636363636,88543.5303030303,1157712.9605263157,627079.9210526316,447149.3157894737,1784793.144736842,2424300.5555555555,2M-4.99M,9.4,31.0,0,5.658666666666666
2,2,190235.0,37189.0,254.0,5448.0,1446.0,639877.0,430789.0,234573.0,1070666.0,1305239.0,79985.17391304347,29891.942028985508,54298.242424242424,9640.363636363636,88543.5303030303,1157712.9605263157,627079.9210526316,447149.3157894737,1784793.144736842,2424300.5555555555,500k-1.99M,32.3,107.0,0,5.658666666666666
2,2,190235.0,37189.0,254.0,5448.0,1446.0,639877.0,430789.0,234573.0,1070666.0,1305239.0,79985.17391304347,29891.942028985508,54298.242424242424,9640.363636363636,88543.5303030303,1157712.9605263157,627079.9210526316,447149.3157894737,1784793.144736842,2424300.5555555555,5M+,16.6,55.0,0,5.658666666666666
2,2,190235.0,37189.0,254.0,5448.0,1446.0,639877.0,430789.0,234573.0,1070666.0,1305239.0,79985.17391304347,29891.942028985508,54298.242424242424,9640.363636363636,88543.5303030303,1157712.9605263157,627079.9210526316,447149.3157894737,1784793.144736842,2424300.5555555555,Any expenditure,100.0,331.0,0,5.658666666666666
3,0,95924.83333333333,33585.625,41504.71428571428,11589.666666666666,21112.571428571428,966545.64,581612.84,283135.68,1548158.16,1955040.4444444445,228053.0,38081.0,1947.0,30143.0,3203.0,966140.0,566040.0,301427.0,1532181.0,1833608.0,,33.33567901234567,390.5246913580247,0,5.658666666666666
3,1,95924.83333333333,33585.625,41504.71428571428,11589.666666666666,21112.571428571428,966545.64,581612.84,283135.68,1548158.16,1955040.4444444445,40882.0,22334.0,1701.0,26188.0,2206.0,327009.0,163132.0,93311.0,490141.0,583452.0,,33.33567901234567,390.5246913580247,0,5.658666666666666
3,2,95924.83333333333,33585.625,41504.71428571428,11589.666666666666,21112.571428571428,966545.64,581612.84,283135.68,1548158.16,1955040.4444444445,187171.0,15747.0,246.0,3955.0,997.0,639132.0,402908.0,208115.0,1042040.0,1250155.0,,33.33567901234567,390.5246913580247,0,5.658666666666666
4,0,92693.0,32188.0,6610.0,12321.0,6502.0,1006308.0,600603.0,150314.0,1606911.0,1757225.0,79985.17391304347,29891.942028985508,54298.242424242424,9640.363636363636,88543.5303030303,1157712.9605263157,627079.9210526316,447149.3157894737,1784793.144736842,2424300.5555555555,0-99k,33.5,539.0,0,5.658666666666666
4,0,92693.0,32188.0,6610.0,12321.0,6502.0,1006308.0,600603.0,150314.0,1606911.0,1757225.0,79985.17391304347,29891.942028985508,54298.242424242424,9640.363636363636,88543.5303030303,1157712.9605263157,627079.9210526316,447149.3157894737,1784793.144736842,2424300.5555555555,100k-499k,39.1,629.0,0,5.658666666666666
4,0,92693.0,32188.0,6610.0,12321.0,6502.0,1006308.0,600603.0,150314.0,1606911.0,1757225.0,79985.17391304347,29891.942028985508,54298.242424242424,9640.363636363636,88543.5303030303,1157712.9605263157,627079.9210526316,447149.3157894737,1784793.144736842,2424300.5555555555,2M-4.99M,5.2,84.0,0,5.658666666666666
4,0,92693.0,32188.0,6610.0,12321.0,6502.0,1006308.0,600603.0,150314.0,1606911.0,1757225.0,79985.17391304347,29891.942028985508,54298.242424242424,9640.363636363636,88543.5303030303,1157712.9605263157,627079.9210526316,447149.3157894737,1784793.144736842,2424300.5555555555,500k-1.99M,17.9,288.0,0,5.658666666666666
4,0,92693.0,32188.0,6610.0,12321.0,6502.0,1006308.0,600603.0,150314.0,1606911.0,1757225.0,79985.17391304347,29891.942028985508,54298.242424242424,9640.363636363636,88543.5303030303,1157712.9605263157,627079.9210526316,447149.3157894737,1784793.144736842,2424300.5555555555,5M+,4.3,69.0,0,5.658666666666666
4,0,92693.0,32188.0,6610.0,12321.0,6502.0,1006308.0,600603.0,150314.0,1606911.0,1757225.0,79985.17391304347,29891.942028985508,54298.242424242424,9640.363636363636,88543.5303030303,1157712.9605263157,627079.9210526316,447149.3157894737,1784793.144736842,2424300.5555555555,Any expenditure,100.0,1609.0,0,5.658666666666666
4,1,19651.0,11740.0,2401.0,3640.0,3334.0,338246.0,157855.0,40767.0,496101.0,536868.0,79985.17391304347,29891.942028985508,54298.242424242424,9640.363636363636,88543.5303030303,1157712.9605263157,627079.9210526316,447149.3157894737,1784793.144736842,2424300.5555555555,0-99k,38.6,460.0,0,5.658666666666666
4,1,19651.0,11740.0,2401.0,3640.0,3334.0,338246.0,157855.0,40767.0,496101.0,536868.0,79985.17391304347,29891.942028985508,54298.242424242424,9640.363636363636,88543.5303030303,1157712.9605263157,627079.9210526316,447149.3157894737,1784793.144736842,2424300.5555555555,100k-499k,41.9,500.0,0,5.658666666666666
4,1,19651.0,11740.0,2401.0,3640.0,3334.0,338246.0,157855.0,40767.0,496101.0,536868.0,79985.17391304347,29891.942028985508,54298.242424242424,9640.363636363636,88543.5303030303,1157712.9605263157,627079.9210526316,447149.3157894737,1784793.144736842,2424300.5555555555,2M-4.99M,2.1,25.0,0,5.658666666666666
4,1,19651.0,11740.0,2401.0,3640.0,3334.0,338246.0,157855.0,40767.0,496101.0,536868.0,79985.17391304347,29891.942028985508,54298.242424242424,9640.363636363636,88543.5303030303,1157712.9605263157,627079.9210526316,447149.3157894737,1784793.144736842,2424300.5555555555,500k-1.99M,16.1,192.0,0,5.658666666666666
4,1,19651.0,11740.0,2401.0,3640.0,3334.0,338246.0,157855.0,40767.0,496101.0,536868.0,79985.17391304347,29891.942028985508,54298.242424242424,9640.363636363636,88543.5303030303,1157712.9605263157,627079.9210526316,447149.3157894737,1784793.144736842,2424300.5555555555,5M+,1.3,15.0,0,5.658666666666666
4,1,19651.0,11740.0,2401.0,3640.0,3334.0,338246.0,157855.0,40767.0,496101.0,536868.0,79985.17391304347,29891.942028985508,54298.242424242424,9640.363636363636,88543.5303030303,1157712.9605263157,627079.9210526316,447149.3157894737,1784793.144736842,2424300.5555555555,Any expenditure,100.0,1192.0,0,5.658666666666666
4,2,73042.0,20447.0,4208.0,8681.0,3168.0,668062.0,442748.0,109547.0,1110810.0,1220357.0,79985.17391304347,29891.942028985508,54298.242424242424,9640.363636363636,88543.5303030303,1157712.9605263157,627079.9210526316,447149.3157894737,1784793.144736842,2424300.5555555555,0-99k,18.9,79.0,0,5.658666666666666
4,2,73042.0,20447.0,4208.0,8681.0,3168.0,668062.0,442748.0,109547.0,1110810.0,1220357.0,79985.17391304347,29891.942028985508,54298.242424242424,9640.363636363636,88543.5303030303,1157712.9605263157,627079.9210526316,447149.3157894737,1784793.144736842,2424300.5555555555,100k-499k,30.9,129.0,0,5.658666666666666
4,2,73042.0,20447.0,4208.0,8681.0,3168.0,668062.0,442748.0,109547.0,1110810.0,1220357.0,79985.17391304347,29891.942028985508,54298.242424242424,9640.363636363636,88543.5303030303,1157712.9605263157,627079.9210526316,447149.3157894737,1784793.144736842,2424300.5555555555,2M-4.99M,14.1,59.0,0,5.658666666666666
4,2,73042.0,20447.0,4208.0,8681.0,3168.0,668062.0,442748.0,109547.0,1110810.0,1220357.0,79985.17391304347,29891.942028985508,54298.242424242424,9640.363636363636,88543.5303030303,1157712.9605263157,627079.9210526316,447149.3157894737,1784793.144736842,2424300.5555555555,500k-1.99M,23.0,96.0,0,5.658666666666666
4,2,73042.0,20447.0,4208.0,8681.0,3168.0,668062.0,442748.0,109547.0,1110810.0,1220357.0,79985.17391304347,29891.942028985508,54298.242424242424,9640.363636363636,88543.5303030303,1157712.9605263157,627079.9210526316,447149.3157894737,1784793.144736842,2424300.5555555555,5M+,12.9,54.0,0,5.658666666666666
4,2,73042.0,20447.0,4208.0,8681.0,3168.0,668062.0,442748.0,109547.0,1110810.0,1220357.0,79985.17391304347,29891.942028985508,54298.242424242424,9640.363636363636,88543.5303030303,1157712.9605263157,627079.9210526316,447149.3157894737,1784793.144736842,2424300.5555555555,Any expenditure,100.0,417.0,0,5.658666666666666
5,0,95924.83333333333,33585.625,41504.71428571428,11589.666666666666,21112.571428571428,966545.64,581612.84,283135.68,1548158.16,1955040.4444444445,85823.0,12902.0,6612.0,14566.0,7061.0,1091366.0,641039.0,126964.0,1732405.0,1859369.0,,33.33567901234567,390.5246913580247,0,5.658666666666666
5,1,95924.83333333333,33585.625,41504.71428571428,11589.666666666666,21112.571428571428,966545.64,581612.84,283135.68,1548158.16,1955040.4444444445,17590.0,6641.0,1821.0,3970.0,3787.0,364806.0,179132.0,33809.0,543938.0,577747.0,,33.33567901234567,390.5246913580247,0,5.658666666666666
5,2,95924.83333333333,33585.625,41504.71428571428,11589.666666666666,21112.571428571428,966545.64,581612.84,283135.68,1548158.16,1955040.4444444445,68233.0,6262.0,4791.0,10596.0,3274.0,726561.0,461906.0,93155.0,1188467.0,1281622.0,,33.33567901234567,390.5246913580247,0,5.658666666666666
6,0,74941.0,29664.0,16899.0,15794.0,9901.0,1238903.0,635761.0,147200.0,1874663.0,2021863.0,79985.17391304347,29891.942028985508,54298.242424242424,9640.363636363636,88543.5303030303,1157712.9605263157,627079.9210526316,447149.3157894737,1784793.144736842,2424300.5555555555,0-99k,38.81,768.0,0,5.658666666666666
6,0,74941.0,29664.0,16899.0,15794.0,9901.0,1238903.0,635761.0,147200.0,1874663.0,2021863.0,79985.17391304347,29891.942028985508,54298.242424242424,9640.363636363636,88543.5303030303,1157712.9605263157,627079.9210526316,447149.3157894737,1784793.144736842,2424300.5555555555,100k-499k,34.87,690.0,0,5.658666666666666
6,0,74941.0,29664.0,16899.0,15794.0,9901.0,1238903.0,635761.0,147200.0,1874663.0,2021863.0,79985.17391304347,29891.942028985508,54298.242424242424,9640.363636363636,88543.5303030303,1157712.9605263157,627079.9210526316,447149.3157894737,1784793.144736842,2424300.5555555555,2M-4.99M,4.85,96.0,0,5.658666666666666
6,0,74941.0,29664.0,16899.0,15794.0,9901.0,1238903.0,635761.0,147200.0,1874663.0,2021863.0,79985.17391304347,29891.942028985508,54298.242424242424,9640.363636363636,88543.5303030303,1157712.9605263157,627079.9210526316,447149.3157894737,1784793.144736842,2424300.5555555555,500k-1.99M,17.64,349.0,0,5.658666666666666
6,0,74941.0,29664.0,16899.0,15794.0,9901.0,1238903.0,635761.0,147200.0,1874663.0,2021863.0,79985.17391304347,29891.942028985508,54298.242424242424,9640.363636363636,88543.5303030303,1157712.9605263157,627079.9210526316,447149.3157894737,1784793.144736842,2424300.5555555555,5M+,3.84,76.0,0,5.658666666666666
6,0,74941.0,29664.0,16899.0,15794.0,9901.0,1238903.0,635761.0,147200.0,1874663.0,2021863.0,79985.17391304347,29891.942028985508,54298.242424242424,9640.363636363636,88543.5303030303,1157712.9605263157,627079.9210526316,447149.3157894737,1784793.144736842,2424300.5555555555,Any expenditure,100.0,1979.0,0,5.658666666666666
6,1,18571.0,11233.0,13781.0,10145.0,4325.0,451967.0,193098.0,58056.0,645065.0,703121.0,79985.17391304347,29891.942028985508,54298.242424242424,9640.363636363636,88543.5303030303,1157712.9605263157,627079.9210526316,447149.3157894737,1784793.144736842,2424300.5555555555,0-99k,44.73,704.0,0,5.658666666666666
6,1,18571.0,11233.0,13781.0,10145.0,4325.0,451967.0,193098.0,58056.0,645065.0,703121.0,79985.17391304347,29891.942028985508,54298.242424242424,9640.363636363636,88543.5303030303,1157712.9605263157,627079.9210526316,447149.3157894737,1784793.144736842,2424300.5555555555,100k-499k,36.21,570.0,0,5.658666666666666
6,1,18571.0,11233.0,13781.0,10145.0,4325.0,451967.0,193098.0,58056.0,645065.0,703121.0,79985.17391304347,29891.942028985508,54298.242424242424,9640.363636363636,88543.5303030303,1157712.9605263157,627079.9210526316,447149.3157894737,1784793.144736842,2424300.5555555555,2M-4.99M,2.16,34.0,0,5.658666666666666
6,1,18571.0,11233.0,13781.0,10145.0,4325.0,451967.0,193098.0,58056.0,645065.0,703121.0,79985.17391304347,29891.942028985508,54298.242424242424,9640.363636363636,88543.5303030303,1157712.9605263157,627079.9210526316,447149.3157894737,1784793.144736842,2424300.5555555555,500k-1.99M,15.57,245.0,0,5.658666666666666
6,1,18571.0,11233.0,13781.0,10145.0,4325.0,451967.0,193098.0,58056.0,645065.0,703121.0,79985.17391304347,29891.942028985508,54298.242424242424,9640.363636363636,88543.5303030303,1157712.9605263157,627079.9210526316,447149.3157894737,1784793.144736842,2424300.5555555555,5M+,1.33,21.0,0,5.658666666666666
6,1,18571.0,11233.0,13781.0,10145.0,4325.0,451967.0,193098.0,58056.0,645065.0,703121.0,79985.17391304347,29891.942028985508,54298.242424242424,9640.363636363636,88543.5303030303,1157712.9605263157,627079.9210526316,447149.3157894737,1784793.144736842,2424300.5555555555,Any expenditure,100.0,1574.0,0,5.658666666666666
6,2,56370.0,18431.0,3118.0,5650.0,5575.0,786936.0,442663.0,89144.0,1229598.0,1318742.0,79985.17391304347,29891.942028985508,54298.242424242424,9640.363636363636,88543.5303030303,1157712.9605263157,627079.9210526316,447149.3157894737,1784793.144736842,2424300.5555555555,0-99k,15.8,64.0,0,5.658666666666666
6,2,56370.0,18431.0,3118.0,5650.0,5575.0,786936.0,442663.0,89144.0,1229598.0,1318742.0,79985.17391304347,29891.942028985508,54298.242424242424,9640.363636363636,88543.5303030303,1157712.9605263157,627079.9210526316,447149.3157894737,1784793.144736842,2424300.5555555555,100k-499k,29.63,120.0,0,5.658666666666666
6,2,56370.0,18431.0,3118.0,5650.0,5575.0,786936.0,442663.0,89144.0,1229598.0,1318742.0,79985.17391304347,29891.942028985508,54298.242424242424,9640.363636363636,88543.5303030303,1157712.9605263157,627079.9210526316,447149.3157894737,1784793.144736842,2424300.5555555555,2M-4.99M,15.31,62.0,0,5.658666666666666
6,2,56370.0,18431.0,3118.0,5650.0,5575.0,786936.0,442663.0,89144.0,1229598.0,1318742.0,79985.17391304347,29891.942028985508,54298.242424242424,9640.363636363636,88543.5303030303,1157712.9605263157,627079.9210526316,447149.3157894737,1784793.144736842,2424300.5555555555,500k-1.99M,25.68,104.0,0,5.658666666666666
6,2,56370.0,18431.0,3118.0,5650.0,5575.0,786936.0,442663.0,89144.0,1229598.0,1318742.0,79985.17391304347,29891.942028985508,54298.242424242424,9640.363636363636,88543.5303030303,1157712.9605263157,627079.9210526316,447149.3157894737,1784793.144736842,2424300.5555555555,5M+,13.58,55.0,0,5.658666666666666
6,2,56370.0,18431.0,3118.0,5650.0,5575.0,786936.0,442663.0,89144.0,1229598.0,1318742.0,79985.17391304347,29891.942028985508,54298.242424242424,9640.363636363636,88543.5303030303,1157712.9605263157,627079.9210526316,447149.3157894737,1784793.144736842,2424300.5555555555,Any expenditure,100.0,405.0,0,5.658666666666666
7,0,95924.83333333333,33585.625,41504.71428571428,11589.666666666666,21112.571428571428,966545.64,581612.84,283135.68,1548158.16,1955040.4444444445,104341.0,10900.0,22902.0,12977.0,12802.0,1295455.0,631774.0,163922.0,1927229.0,2091151.0,,33.33567901234567,390.5246913580247,0,5.658666666666666
7,1,95924.83333333333,33585.625,41504.71428571428,11589.666666666666,21112.571428571428,966545.64,581612.84,283135.68,1548158.16,1955040.4444444445,20418.0,6089.0,19991.0,6895.0,4285.0,485083.0,212096.0,57678.0,697179.0,754857.0,,33.33567901234567,390.5246913580247,0,5.658666666666666
7,2,95924.83333333333,33585.625,41504.71428571428,11589.666666666666,21112.571428571428,966545.64,581612.84,283135.68,1548158.16,1955040.4444444445,83923.0,4812.0,2911.0,6082.0,8516.0,810373.0,419678.0,106244.0,1230051.0,1336295.0,,33.33567901234567,390.5246913580247,0,5.658666666666666
8,0,83454.0,28909.0,19106.0,12738.0,12896.0,1349977.0,725978.0,157102.0,2075955.0,2233057.0,79985.17391304347,29891.942028985508,54298.242424242424,9640.363636363636,88543.5303030303,1157712.9605263157,627079.9210526316,447149.3157894737,1784793.144736842,2424300.5555555555,0-99k,37.01,694.0,0,5.658666666666666
8,0,83454.0,28909.0,19106.0,12738.0,12896.0,1349977.0,725978.0,157102.0,2075955.0,2233057.0,79985.17391304347,29891.942028985508,54298.242424242424,9640.363636363636,88543.5303030303,1157712.9605263157,627079.9210526316,447149.3157894737,1784793.144736842,2424300.5555555555,100k-499k,36.11,677.0,0,5.658666666666666
8,0,83454.0,28909.0,19106.0,12738.0,12896.0,1349977.0,725978.0,157102.0,2075955.0,2233057.0,79985.17391304347,29891.942028985508,54298.242424242424,9640.363636363636,88543.5303030303,1157712.9605263157,627079.9210526316,447149.3157894737,1784793.144736842,2424300.5555555555,2M-4.99M,4.8,90.0,0,5.658666666666666
8,0,83454.0,28909.0,19106.0,12738.0,12896.0,1349977.0,725978.0,157102.0,2075955.0,2233057.0,79985.17391304347,29891.942028985508,54298.242424242424,9640.363636363636,88543.5303030303,1157712.9605263157,627079.9210526316,447149.3157894737,1784793.144736842,2424300.5555555555,500k-1.99M,17.07,320.0,0,5.658666666666666
8,0,83454.0,28909.0,19106.0,12738.0,12896.0,1349977.0,725978.0,157102.0,2075955.0,2233057.0,79985.17391304347,29891.942028985508,54298.242424242424,9640.363636363636,88543.5303030303,1157712.9605263157,627079.9210526316,447149.3157894737,1784793.144736842,2424300.5555555555,5M+,5.01,94.0,0,5.658666666666666
8,0,83454.0,28909.0,19106.0,12738.0,12896.0,1349977.0,725978.0,157102.0,2075955.0,2233057.0,79985.17391304347,29891.942028985508,54298.242424242424,9640.363636363636,88543.5303030303,1157712.9605263157,627079.9210526316,447149.3157894737,1784793.144736842,2424300.5555555555,Any expenditure,100.0,1875.0,0,5.658666666666666
8,1,23291.0,8093.0,14716.0,7691.0,5120.0,523227.0,227524.0,58912.0,750750.0,809662.0,79985.17391304347,29891.942028985508,54298.242424242424,9640.363636363636,88543.5303030303,1157712.9605263157,627079.9210526316,447149.3157894737,1784793.144736842,2424300.5555555555,0-99k,41.94,624.0,0,5.658666666666666
8,1,23291.0,8093.0,14716.0,7691.0,5120.0,523227.0,227524.0,58912.0,750750.0,809662.0,79985.17391304347,29891.942028985508,54298.242424242424,9640.363636363636,88543.5303030303,1157712.9605263157,627079.9210526316,447149.3157894737,1784793.144736842,2424300.5555555555,100k-499k,38.78,577.0,0,5.658666666666666
8,1,23291.0,8093.0,14716.0,7691.0,5120.0,523227.0,227524.0,58912.0,750750.0,809662.0,79985.17391304347,29891.942028985508,54298.242424242424,9640.363636363636,88543.5303030303,1157712.9605263157,627079.9210526316,447149.3157894737,1784793.144736842,2424300.5555555555,2M-4.99M,2.96,44.0,0,5.658666666666666
8,1,23291.0,8093.0,14716.0,7691.0,5120.0,523227.0,227524.0,58912.0,750750.0,809662.0,79985.17391304347,29891.942028985508,54298.242424242424,9640.363636363636,88543.5303030303,1157712.9605263157,627079.9210526316,447149.3157894737,1784793.144736842,2424300.5555555555,500k-1.99M,14.7,218.0,0,5.658666666666666
8,1,23291.0,8093.0,14716.0,7691.0,5120.0,523227.0,227524.0,58912.0,750750.0,809662.0,79985.17391304347,29891.942028985508,54298.242424242424,9640.363636363636,88543.5303030303,1157712.9605263157,627079.9210526316,447149.3157894737,1784793.144736842,2424300.5555555555,5M+,1.68,25.0,0,5.658666666666666
8,1,23291.0,8093.0,14716.0,7691.0,5120.0,523227.0,227524.0,58912.0,750750.0,809662.0,79985.17391304347,29891.942028985508,54298.242424242424,9640.363636363636,88543.5303030303,1157712.9605263157,627079.9210526316,447149.3157894737,1784793.144736842,2424300.5555555555,Any expenditure,100.0,1488.0,0,5.658666666666666
8,2,60163.0,20815.0,4389.0,5048.0,7775.0,826751.0,498454.0,98190.0,1325205.0,1423395.0,79985.17391304347,29891.942028985508,54298.242424242424,9640.363636363636,88543.5303030303,1157712.9605263157,627079.9210526316,447149.3157894737,1784793.144736842,2424300.5555555555,0-99k,18.09,70.0,0,5.658666666666666
8,2,60163.0,20815.0,4389.0,5048.0,7775.0,826751.0,498454.0,98190.0,1325205.0,1423395.0,79985.17391304347,29891.942028985508,54298.242424242424,9640.363636363636,88543.5303030303,1157712.9605263157,627079.9210526316,447149.3157894737,1784793.144736842,2424300.5555555555,100k-499k,25.84,100.0,0,5.658666666666666
8,2,60163.0,20815.0,4389.0,5048.0,7775.0,826751.0,498454.0,98190.0,1325205.0,1423395.0,79985.17391304347,29891.942028985508,54298.242424242424,9640.363636363636,88543.5303030303,1157712.9605263157,627079.9210526316,447149.3157894737,1784793.144736842,2424300.5555555555,2M-4.99M,11.89,46.0,0,5.658666666666666
8,2,60163.0,20815.0,4389.0,5048.0,7775.0,826751.0,498454.0,98190.0,1325205.0,1423395.0,79985.17391304347,29891.942028985508,54298.242424242424,9640.363636363636,88543.5303030303,1157712.9605263157,627079.9210526316,447149.3157894737,1784793.144736842,2424300.5555555555,500k-1.99M,26.36,102.0,0,5.658666666666666
8,2,60163.0,20815.0,4389.0,5048.0,7775.0,826751.0,498454.0,98190.0,1325205.0,1423395.0,79985.17391304347,29891.942028985508,54298.242424242424,9640.363636363636,88543.5303030303,1157712.9605263157,627079.9210526316,447149.3157894737,1784793.144736842,2424300.5555555555,5M+,17.83,69.0,0,5.658666666666666
8,2,60163.0,20815.0,4389.0,5048.0,7775.0,826751.0,498454.0,98190.0,1325205.0,1423395.0,79985.17391304347,29891.942028985508,54298.242424242424,9640.363636363636,88543.5303030303,1157712.9605263157,627079.9210526316,447149.3157894737,1784793.144736842,2424300.5555555555,Any expenditure,100.0,387.0,0,5.658666666666666
9,0,95924.83333333333,33585.625,41504.71428571428,11589.666666666666,21112.571428571428,966545.64,581612.84,283135.68,1548158.16,1955040.4444444445,99648.0,33944.0,25904.0,10846.0,31870.0,1392740.0,697871.0,202214.0,2090611.0,2292825.0,,33.33567901234567,390.5246913580247,0,2.9
9,0,95924.83333333333,33585.625,41504.71428571428,11589.666666666666,21112.571428571428,966545.64,581612.84,283135.68,1548158.16,1955040.4444444445,99648.0,33944.0,25904.0,10846.0,31870.0,1392740.0,697871.0,202214.0,2090611.0,2292825.0,,33.33567901234567,390.5246913580247,1,3.4333333333333336
9,0,95924.83333333333,33585.625,41504.71428571428,11589.666666666666,21112.571428571428,966545.64,581612.84,283135.68,1548158.16,1955040.4444444445,99648.0,33944.0,25904.0,10846.0,31870.0,1392740.0,697871.0,202214.0,2090611.0,2292825.0,,33.33567901234567,390.5246913580247,2,13.200000000000001
9,0,95924.83333333333,33585.625,41504.71428571428,11589.666666666666,21112.571428571428,966545.64,581612.84,283135.68,1548158.16,1955040.4444444445,99648.0,33944.0,25904.0,10846.0,31870.0,1392740.0,697871.0,202214.0,2090611.0,2292825.0,,33.33567901234567,390.5246913580247,3,0.5666666666666667
9,0,95924.83333333333,33585.625,41504.71428571428,11589.666666666666,21112.571428571428,966545.64,581612.84,283135.68,1548158.16,1955040.4444444445,99648.0,33944.0,25904.0,10846.0,31870.0,1392740.0,697871.0,202214.0,2090611.0,2292825.0,,33.33567901234567,390.5246913580247,4,6.266666666666667
9,0,95924.83333333333,33585.625,41504.71428571428,11589.666666666666,21112.571428571428,966545.64,581612.84,283135.68,1548158.16,1955040.4444444445,99648.0,33944.0,25904.0,10846.0,31870.0,1392740.0,697871.0,202214.0,2090611.0,2292825.0,,33.33567901234567,390.5246913580247,5,0.9333333333333335
9,0,95924.83333333333,33585.625,41504.71428571428,11589.666666666666,21112.571428571428,966545.64,581612.84,283135.68,1548158.16,1955040.4444444445,99648.0,33944.0,25904.0,10846.0,31870.0,1392740.0,697871.0,202214.0,2090611.0,2292825.0,,33.33567901234567,390.5246913580247,6,7.466666666666666
9,1,95924.83333333333,33585.625,41504.71428571428,11589.666666666666,21112.571428571428,966545.64,581612.84,283135.68,1548158.16,1955040.4444444445,32366.0,13800.0,21195.0,8816.0,8046.0,585856.0,255923.0,84224.0,841780.0,926004.0,,33.33567901234567,390.5246913580247,0,2.9
9,1,95924.83333333333,33585.625,41504.71428571428,11589.666666666666,21112.571428571428,966545.64,581612.84,283135.68,1548158.16,1955040.4444444445,32366.0,13800.0,21195.0,8816.0,8046.0,585856.0,255923.0,84224.0,841780.0,926004.0,,33.33567901234567,390.5246913580247,1,3.4333333333333336
9,1,95924.83333333333,33585.625,41504.71428571428,11589.666666666666,21112.571428571428,966545.64,581612.84,283135.68,1548158.16,1955040.4444444445,32366.0,13800.0,21195.0,8816.0,8046.0,585856.0,255923.0,84224.0,841780.0,926004.0,,33.33567901234567,390.5246913580247,2,13.200000000000001
9,1,95924.83333333333,33585.625,41504.71428571428,11589.666666666666,21112.571428571428,966545.64,581612.84,283135.68,1548158.16,1955040.4444444445,32366.0,13800.0,21195.0,8816.0,8046.0,585856.0,255923.0,84224.0,841780.0,926004.0,,33.33567901234567,390.5246913580247,3,0.5666666666666667
9,1,95924.83333333333,33585.625,41504.71428571428,11589.666666666666,21112.571428571428,966545.64,581612.84,283135.68,1548158.16,1955040.4444444445,32366.0,13800.0,21195.0,8816.0,8046.0,585856.0,255923.0,84224.0,841780.0,926004.0,,33.33567901234567,390.5246913580247,4,6.266666666666667
9,1,95924.83333333333,33585.625,41504.71428571428,11589.666666666666,21112.571428571428,966545.64,581612.84,283135.68,1548158.16,1955040.4444444445,32366.0,13800.0,21195.0,8816.0,8046.0,585856.0,255923.0,84224.0,841780.0,926004.0,,33.33567901234567,390.5246913580247,5,0.9333333333333335
9,1,95924.83333333333,33585.625,41504.71428571428,11589.666666666666,21112.571428571428,966545.64,581612.84,283135.68,1548158.16,1955040.4444444445,32366.0,13800.0,21195.0,8816.0,8046.0,585856.0,255923.0,84224.0,841780.0,926004.0,,33.33567901234567,390.5246913580247,6,7.466666666666666
9,2,95924.83333333333,33585.625,41504.71428571428,11589.666666666666,21112.571428571428,966545.64,581612.84,283135.68,1548158.16,1955040.4444444445,67283.0,20144.0,4709.0,2030.0,23824.0,806883.0,441948.0,117990.0,1248831.0,1366821.0,,33.33567901234567,390.5246913580247,0,2.9
9,2,95924.83333333333,33585.625,41504.71428571428,11589.666666666666,21112.571428571428,966545.64,581612.84,283135.68,1548158.16,1955040.4444444445,67283.0,20144.0,4709.0,2030.0,23824.0,806883.0,441948.0,117990.0,1248831.0,1366821.0,,33.33567901234567,390.5246913580247,1,3.4333333333333336
9,2,95924.83333333333,33585.625,41504.71428571428,11589.666666666666,21112.571428571428,966545.64,581612.84,283135.68,1548158.16,1955040.4444444445,67283.0,20144.0,4709.0,2030.0,23824.0,806883.0,441948.0,117990.0,1248831.0,1366821.0,,33.33567901234567,390.5246913580247,2,13.200000000000001
9,2,95924.83333333333,33585.625,41504.71428571428,11589.666666666666,21112.571428571428,966545.64,581612.84,283135.68,1548158.16,1955040.4444444445,67283.0,20144.0,4709.0,2030.0,23824.0,806883.0,441948.0,117990.0,1248831.0,1366821.0,,33.33567901234567,390.5246913580247,3,0.5666666666666667
9,2,95924.83333333333,33585.625,41504.71428571428,11589.666666666666,21112.571428571428,966545.64,581612.84,283135.68,1548158.16,1955040.4444444445,67283.0,20144.0,4709.0,2030.0,23824.0,806883.0,441948.0,117990.0,1248831.0,1366821.0,,33.33567901234567,390.5246913580247,4,6.266666666666667
9,2,95924.83333333333,33585.625,41504.71428571428,11589.666666666666,21112.571428571428,966545.64,581612.84,283135.68,1548158.16,1955040.4444444445,67283.0,20144.0,4709.0,2030.0,23824.0,806883.0,441948.0,117990.0,1248831.0,1366821.0,,33.33567901234567,390.5246913580247,5,0.9333333333333335
9,2,95924.83333333333,33585.625,41504.71428571428,11589.666666666666,21112.571428571428,966545.64,581612.84,283135.68,1548158.16,1955040.4444444445,67283.0,20144.0,4709.0,2030.0,23824.0,806883.0,441948.0,117990.0,1248831.0,1366821.0,,33.33567901234567,390.5246913580247,6,7.466666666666666
10,0,120411.0,82480.0,30123.0,19335.0,25693.0,1651343.0,840831.0,278041.0,2492173.0,2770214.0,79985.17391304347,29891.942028985508,54298.242424242424,9640.363636363636,88543.5303030303,1157712.9605263157,627079.9210526316,447149.3157894737,1784793.144736842,2424300.5555555555,0-99k,36.9,658.0,0,5.658666666666666
10,0,120411.0,82480.0,30123.0,19335.0,25693.0,1651343.0,840831.0,278041.0,2492173.0,2770214.0,79985.17391304347,29891.942028985508,54298.242424242424,9640.363636363636,88543.5303030303,1157712.9605263157,627079.9210526316,447149.3157894737,1784793.144736842,2424300.5555555555,100k-499k,33.3,594.0,0,5.658666666666666
10,0,120411.0,82480.0,30123.0,19335.0,25693.0,1651343.0,840831.0,278041.0,2492173.0,2770214.0,79985.17391304347,29891.942028985508,54298.242424242424,9640.363636363636,88543.5303030303,1157712.9605263157,627079.9210526316,447149.3157894737,1784793.144736842,2424300.5555555555,2M-4.99M,5.3,95.0,0,5.658666666666666
10,0,120411.0,82480.0,30123.0,19335.0,25693.0,1651343.0,840831.0,278041.0,2492173.0,2770214.0,79985.17391304347,29891.942028985508,54298.242424242424,9640.363636363636,88543.5303030303,1157712.9605263157,627079.9210526316,447149.3157894737,1784793.144736842,2424300.5555555555,500k-1.99M,18.2,325.0,0,5.658666666666666
10,0,120411.0,82480.0,30123.0,19335.0,25693.0,1651343.0,840831.0,278041.0,2492173.0,2770214.0,79985.17391304347,29891.942028985508,54298.242424242424,9640.363636363636,88543.5303030303,1157712.9605263157,627079.9210526316,447149.3157894737,1784793.144736842,2424300.5555555555,5M+,6.3,112.0,0,5.658666666666666
10,0,120411.0,82480.0,30123.0,19335.0,25693.0,1651343.0,840831.0,278041.0,2492173.0,2770214.0,79985.17391304347,29891.942028985508,54298.242424242424,9640.363636363636,88543.5303030303,1157712.9605263157,627079.9210526316,447149.3157894737,1784793.144736842,2424300.5555555555,Any expenditure,100.0,1784.0,0,5.658666666666666
10,1,23631.0,15357.0,26365.0,11907.0,17829.0,549943.0,213816.0,95090.0,763759.0,858849.0,79985.17391304347,29891.942028985508,54298.242424242424,9640.363636363636,88543.5303030303,1157712.9605263157,627079.9210526316,447149.3157894737,1784793.144736842,2424300.5555555555,0-99k,42.1,612.0,0,5.658666666666666
10,1,23631.0,15357.0,26365.0,11907.0,17829.0,549943.0,213816.0,95090.0,763759.0,858849.0,79985.17391304347,29891.942028985508,54298.242424242424,9640.363636363636,88543.5303030303,1157712.9605263157,627079.9210526316,447149.3157894737,1784793.144736842,2424300.5555555555,100k-499k,35.9,523.0,0,5.658666666666666
10,1,23631.0,15357.0,26365.0,11907.0,17829.0,549943.0,213816.0,95090.0,763759.0,858849.0,79985.17391304347,29891.942028985508,54298.242424242424,9640.363636363636,88543.5303030303,1157712.9605263157,627079.9210526316,447149.3157894737,1784793.144736842,2424300.5555555555,2M-4.99M,3.4,49.0,0,5.658666666666666
10,1,23631.0,15357.0,26365.0,11907.0,17829.0,549943.0,213816.0,95090.0,763759.0,858849.0,79985.17391304347,29891.942028985508,54298.242424242424,9640.363636363636,88543.5303030303,1157712.9605263157,627079.9210526316,447149.3157894737,1784793.144736842,2424300.5555555555,500k-1.99M,16.2,235.0,0,5.658666666666666
10,1,23631.0,15357.0,26365.0,11907.0,17829.0,549943.0,213816.0,95090.0,763759.0,858849.0,79985.17391304347,29891.942028985508,54298.242424242424,9640.363636363636,88543.5303030303,1157712.9605263157,627079.9210526316,447149.3157894737,1784793.144736842,2424300.5555555555,5M+,2.5,36.0,0,5.658666666666666
10,1,23631.0,15357.0,26365.0,11907.0,17829.0,549943.0,213816.0,95090.0,763759.0,858849.0,79985.17391304347,29891.942028985508,54298.242424242424,9640.363636363636,88543.5303030303,1157712.9605263157,627079.9210526316,447149.3157894737,1784793.144736842,2424300.5555555555,Any expenditure,100.0,1455.0,0,5.658666666666666
10,2,96779.0,67122.0,3759.0,7428.0,7864.0,1101400.0,627015.0,182951.0,1728414.0,1911365.0,79985.17391304347,29891.942028985508,54298.242424242424,9640.363636363636,88543.5303030303,1157712.9605263157,627079.9210526316,447149.3157894737,1784793.144736842,2424300.5555555555,0-99k,14.0,46.0,0,5.658666666666666
10,2,96779.0,67122.0,3759.0,7428.0,7864.0,1101400.0,627015.0,182951.0,1728414.0,1911365.0,79985.17391304347,29891.942028985508,54298.242424242424,9640.363636363636,88543.5303030303,1157712.9605263157,627079.9210526316,447149.3157894737,1784793.144736842,2424300.5555555555,100k-499k,21.6,71.0,0,5.658666666666666
10,2,96779.0,67122.0,3759.0,7428.0,7864.0,1101400.0,627015.0,182951.0,1728414.0,1911365.0,79985.17391304347,29891.942028985508,54298.242424242424,9640.363636363636,88543.5303030303,1157712.9605263157,627079.9210526316,447149.3157894737,1784793.144736842,2424300.5555555555,2M-4.99M,14.0,46.0,0,5.658666666666666
10,2,96779.0,67122.0,3759.0,7428.0,7864.0,1101400.0,627015.0,182951.0,1728414.0,1911365.0,79985.17391304347,29891.942028985508,54298.242424242424,9640.363636363636,88543.5303030303,1157712.9605263157,627079.9210526316,447149.3157894737,1784793.144736842,2424300.5555555555,500k-1.99M,27.4,90.0,0,5.658666666666666
10,2,96779.0,67122.0,3759.0,7428.0,7864.0,1101400.0,627015.0,182951.0,1728414.0,1911365.0,79985.17391304347,29891.942028985508,54298.242424242424,9640.363636363636,88543.5303030303,1157712.9605263157,627079.9210526316,447149.3157894737,1784793.144736842,2424300.5555555555,5M+,23.1,76.0,0,5.658666666666666
10,2,96779.0,67122.0,3759.0,7428.0,7864.0,1101400.0,627015.0,182951.0,1728414.0,1911365.0,79985.17391304347,29891.942028985508,54298.242424242424,9640.363636363636,88543.5303030303,1157712.9605263157,627079.9210526316,447149.3157894737,1784793.144736842,2424300.5555555555,Any expenditure,100.0,329.0,0,5.658666666666666
11,0,95924.83333333333,33585.625,41504.71428571428,11589.666666666666,21112.571428571428,966545.64,581612.84,283135.68,1548158.16,1955040.4444444445,103731.0,64849.0,36557.0,14976.0,16070.0,1719637.0,821929.0,236182.0,2541566.0,2777748.0,,33.33567901234567,390.5246913580247,0,3.3666666666666667
11,0,95924.83333333333,33585.625,41504.71428571428,11589.666666666666,21112.571428571428,966545.64,581612.84,283135.68,1548158.16,1955040.4444444445,103731.0,64849.0,36557.0,14976.0,16070.0,1719637.0,821929.0,236182.0,2541566.0,2777748.0,,33.33567901234567,390.5246913580247,1,5.766666666666667
11,0,95924.83333333333,33585.625,41504.71428571428,11589.666666666666,21112.571428571428,966545.64,581612.84,283135.68,1548158.16,1955040.4444444445,103731.0,64849.0,36557.0,14976.0,16070.0,1719637.0,821929.0,236182.0,2541566.0,2777748.0,,33.33567901234567,390.5246913580247,2,15.933333333333332
11,0,95924.83333333333,33585.625,41504.71428571428,11589.666666666666,21112.571428571428,966545.64,581612.84,283135.68,1548158.16,1955040.4444444445,103731.0,64849.0,36557.0,14976.0,16070.0,1719637.0,821929.0,236182.0,2541566.0,2777748.0,,33.33567901234567,390.5246913580247,4,7.566666666666666
11,0,95924.83333333333,33585.625,41504.71428571428,11589.666666666666,21112.571428571428,966545.64,581612.84,283135.68,1548158.16,1955040.4444444445,103731.0,64849.0,36557.0,14976.0,16070.0,1719637.0,821929.0,236182.0,2541566.0,2777748.0,,33.33567901234567,390.5246913580247,5,2.8333333333333335
11,0,95924.83333333333,33585.625,41504.71428571428,11589.666666666666,21112.571428571428,966545.64,581612.84,283135.68,1548158.16,1955040.4444444445,103731.0,64849.0,36557.0,14976.0,16070.0,1719637.0,821929.0,236182.0,2541566.0,2777748.0,,33.33567901234567,390.5246913580247,6,8.733333333333333
11,1,95924.83333333333,33585.625,41504.71428571428,11589.666666666666,21112.571428571428,966545.64,581612.84,283135.68,1548158.16,1955040.4444444445,26330.0,20721.0,33914.0,10795.0,7801.0,617344.0,250183.0,99561.0,867527.0,967088.0,,33.33567901234567,390.5246913580247,0,3.3666666666666667
11,1,95924.83333333333,33585.625,41504.71428571428,11589.666666666666,21112.571428571428,966545.64,581612.84,283135.68,1548158.16,1955040.4444444445,26330.0,20721.0,33914.0,10795.0,7801.0,617344.0,250183.0,99561.0,867527.0,967088.0,,33.33567901234567,390.5246913580247,1,5.766666666666667
11,1,95924.83333333333,33585.625,41504.71428571428,11589.666666666666,21112.571428571428,966545.64,581612.84,283135.68,1548158.16,1955040.4444444445,26330.0,20721.0,33914.0,10795.0,7801.0,617344.0,250183.0,99561.0,867527.0,967088.0,,33.33567901234567,390.5246913580247,2,15.933333333333332
11,1,95924.83333333333,33585.625,41504.71428571428,11589.666666666666,21112.571428571428,966545.64,581612.84,283135.68,1548158.16,1955040.4444444445,26330.0,20721.0,33914.0,10795.0,7801.0,617344.0,250183.0,99561.0,867527.0,967088.0,,33.33567901234567,390.5246913580247,4,7.566666666666666
11,1,95924.83333333333,33585.625,41504.71428571428,11589.666666666666,21112.571428571428,966545.64,581612.84,283135.68,1548158.16,1955040.4444444445,26330.0,20721.0,33914.0,10795.0,7801.0,617344.0,250183.0,99561.0,867527.0,967088.0,,33.33567901234567,390.5246913580247,5,2.8333333333333335
11,1,95924.83333333333,33585.625,41504.71428571428,11589.666666666666,21112.571428571428,966545.64,581612.84,283135.68,1548158.16,1955040.4444444445,26330.0,20721.0,33914.0,10795.0,7801.0,617344.0,250183.0,99561.0,867527.0,967088.0,,33.33567901234567,390.5246913580247,6,8.733333333333333
11,2,95924.83333333333,33585.625,41504.71428571428,11589.666666666666,21112.571428571428,966545.64,581612.84,283135.68,1548158.16,1955040.4444444445,77401.0,44128.0,2642.0,4181.0,8269.0,1102293.0,571745.0,136621.0,1674038.0,1810659.0,,33.33567901234567,390.5246913580247,0,3.3666666666666667
11,2,95924.83333333333,33585.625,41504.71428571428,11589.666666666666,21112.571428571428,966545.64,581612.84,283135.68,1548158.16,1955040.4444444445,77401.0,44128.0,2642.0,4181.0,8269.0,1102293.0,571745.0,136621.0,1674038.0,1810659.0,,33.33567901234567,390.5246913580247,1,5.766666666666667
11,2,95924.83333333333,33585.625,41504.71428571428,11589.666666666666,21112.571428571428,966545.64,581612.84,283135.68,1548158.16,1955040.4444444445,77401.0,44128.0,2642.0,4181.0,8269.0,1102293.0,571745.0,136621.0,1674038.0,1810659.0,,33.33567901234567,390.5246913580247,2,15.933333333333332
11,2,95924.83333333333,33585.625,41504.71428571428,11589.666666666666,21112.571428571428,966545.64,581612.84,283135.68,1548158.16,1955040.4444444445,77401.0,44128.0,2642.0,4181.0,8269.0,1102293.0,571745.0,136621.0,1674038.0,1810659.0,,33.33567901234567,390.5246913580247,4,7.566666666666666
11,2,95924.83333333333,33585.625,41504.71428571428,11589.666666666666,21112.571428571428,966545.64,581612.84,283135.68,1548158.16,1955040.4444444445,77401.0,44128.0,2642.0,4181.0,8269.0,1102293.0,571745.0,136621.0,1674038.0,1810659.0,,33.33567901234567,390.5246913580247,5,2.8333333333333335
11,2,95924.83333333333,33585.625,41504.71428571428,11589.666666666666,21112.571428571428,966545.64,581612.84,283135.68,1548158.16,1955040.4444444445,77401.0,44128.0,2642.0,4181.0,8269.0,1102293.0,571745.0,136621.0,1674038.0,1810659.0,,33.33567901234567,390.5246913580247,6,8.733333333333333
12,0,175239.0,36597.0,205199.0,17188.0,121484.0,1690211.0,1010378.0,555707.0,2700588.0,3256295.0,79985.17391304347,29891.942028985508,54298.242424242424,9640.363636363636,88543.5303030303,1157712.9605263157,627079.9210526316,447149.3157894737,1784793.144736842,2424300.5555555555,0-99k,36.5,657.0,0,5.658666666666666
12,0,175239.0,36597.0,205199.0,17188.0,121484.0,1690211.0,1010378.0,555707.0,2700588.0,3256295.0,79985.17391304347,29891.942028985508,54298.242424242424,9640.363636363636,88543.5303030303,1157712.9605263157,627079.9210526316,447149.3157894737,1784793.144736842,2424300.5555555555,100k-499k,32.8,590.0,0,5.658666666666666
12,0,175239.0,36597.0,205199.0,17188.0,121484.0,1690211.0,1010378.0,555707.0,2700588.0,3256295.0,79985.17391304347,29891.942028985508,54298.242424242424,9640.363636363636,88543.5303030303,1157712.9605263157,627079.9210526316,447149.3157894737,1784793.144736842,2424300.5555555555,2M-4.99M,6.5,117.0,0,5.658666666666666
12,0,175239.0,36597.0,205199.0,17188.0,121484.0,1690211.0,1010378.0,555707.0,2700588.0,3256295.0,79985.17391304347,29891.942028985508,54298.242424242424,9640.363636363636,88543.5303030303,1157712.9605263157,627079.9210526316,447149.3157894737,1784793.144736842,2424300.5555555555,500k-1.99M,17.3,311.0,0,5.658666666666666
12,0,175239.0,36597.0,205199.0,17188.0,121484.0,1690211.0,1010378.0,555707.0,2700588.0,3256295.0,79985.17391304347,29891.942028985508,54298.242424242424,9640.363636363636,88543.5303030303,1157712.9605263157,627079.9210526316,447149.3157894737,1784793.144736842,2424300.5555555555,5M+,6.8,123.0,0,5.658666666666666
12,0,175239.0,36597.0,205199.0,17188.0,121484.0,1690211.0,1010378.0,555707.0,2700588.0,3256295.0,79985.17391304347,29891.942028985508,54298.242424242424,9640.363636363636,88543.5303030303,1157712.9605263157,627079.9210526316,447149.3157894737,1784793.144736842,2424300.5555555555,Any expenditure,100.0,1798.0,0,5.658666666666666
12,1,24690.0,5380.0,192071.0,11971.0,3896.0,468571.0,256408.0,238007.0,724978.0,962985.0,79985.17391304347,29891.942028985508,54298.242424242424,9640.363636363636,88543.5303030303,1157712.9605263157,627079.9210526316,447149.3157894737,1784793.144736842,2424300.5555555555,0-99k,42.9,567.0,0,5.658666666666666
12,1,24690.0,5380.0,192071.0,11971.0,3896.0,468571.0,256408.0,238007.0,724978.0,962985.0,79985.17391304347,29891.942028985508,54298.242424242424,9640.363636363636,88543.5303030303,1157712.9605263157,627079.9210526316,447149.3157894737,1784793.144736842,2424300.5555555555,100k-499k,36.4,481.0,0,5.658666666666666
12,1,24690.0,5380.0,192071.0,11971.0,3896.0,468571.0,256408.0,238007.0,724978.0,962985.0,79985.17391304347,29891.942028985508,54298.242424242424,9640.363636363636,88543.5303030303,1157712.9605263157,627079.9210526316,447149.3157894737,1784793.144736842,2424300.5555555555,2M-4.99M,4.0,53.0,0,5.658666666666666
12,1,24690.0,5380.0,192071.0,11971.0,3896.0,468571.0,256408.0,238007.0,724978.0,962985.0,79985.17391304347,29891.942028985508,54298.242424242424,9640.363636363636,88543.5303030303,1157712.9605263157,627079.9210526316,447149.3157894737,1784793.144736842,2424300.5555555555,500k-1.99M,15.2,201.0,0,5.658666666666666
12,1,24690.0,5380.0,192071.0,11971.0,3896.0,468571.0,256408.0,238007.0,724978.0,962985.0,79985.17391304347,29891.942028985508,54298.242424242424,9640.363636363636,88543.5303030303,1157712.9605263157,627079.9210526316,447149.3157894737,1784793.144736842,2424300.5555555555,5M+,1.5,20.0,0,5.658666666666666
12,1,24690.0,5380.0,192071.0,11971.0,3896.0,468571.0,256408.0,238007.0,724978.0,962985.0,79985.17391304347,29891.942028985508,54298.242424242424,9640.363636363636,88543.5303030303,1157712.9605263157,627079.9210526316,447149.3157894737,1784793.144736842,2424300.5555555555,Any expenditure,100.0,1322.0,0,5.658666666666666
12,2,150550.0,31217.0,13128.0,5216.0,117588.0,1221640.0,753970.0,317699.0,1975610.0,2293309.0,79985.17391304347,29891.942028985508,54298.242424242424,9640.363636363636,88543.5303030303,1157712.9605263157,627079.9210526316,447149.3157894737,1784793.144736842,2424300.5555555555,0-99k,18.9,90.0,0,5.658666666666666
12,2,150550.0,31217.0,13128.0,5216.0,117588.0,1221640.0,753970.0,317699.0,1975610.0,2293309.0,79985.17391304347,29891.942028985508,54298.242424242424,9640.363636363636,88543.5303030303,1157712.9605263157,627079.9210526316,447149.3157894737,1784793.144736842,2424300.5555555555,100k-499k,22.8,109.0,0,5.658666666666666
12,2,150550.0,31217.0,13128.0,5216.0,117588.0,1221640.0,753970.0,317699.0,1975610.0,2293309.0,79985.17391304347,29891.942028985508,54298.242424242424,9640.363636363636,88543.5303030303,1157712.9605263157,627079.9210526316,447149.3157894737,1784793.144736842,2424300.5555555555,2M-4.99M,13.4,64.0,0,5.658666666666666
12,2,150550.0,31217.0,13128.0,5216.0,117588.0,1221640.0,753970.0,317699.0,1975610.0,2293309.0,79985.17391304347,29891.942028985508,54298.242424242424,9640.363636363636,88543.5303030303,1157712.9605263157,627079.9210526316,447149.3157894737,1784793.144736842,2424300.5555555555,500k-1.99M,23.1,110.0,0,5.658666666666666
12,2,150550.0,31217.0,13128.0,5216.0,117588.0,1221640.0,753970.0,317699.0,1975610.0,2293309.0,79985.17391304347,29891.942028985508,54298.242424242424,9640.363636363636,88543.5303030303,1157712.9605263157,627079.9210526316,447149.3157894737,1784793.144736842,2424300.5555555555,5M+,21.8,104.0,0,5.658666666666666
12,2,150550.0,31217.0,13128.0,5216.0,117588.0,1221640.0,753970.0,317699.0,1975610.0,2293309.0,79985.17391304347,29891.942028985508,54298.242424242424,9640.363636363636,88543.5303030303,1157712.9605263157,627079.9210526316,447149.3157894737,1784793.144736842,2424300.5555555555,Any expenditure,100.0,476.0,0,5.658666666666666
13,0,95924.83333333333,33585.625,41504.71428571428,11589.666666666666,21112.571428571428,966545.64,581612.84,283135.68,1548158.16,1955040.4444444445,135763.0,46397.0,226619.0,15778.0,429894.0,1740674.0,796039.0,854451.0,2536714.0,3391165.0,,33.33567901234567,390.5246913580247,0,3.5666666666666664
13,0,95924.83333333333,33585.625,41504.71428571428,11589.666666666666,21112.571428571428,966545.64,581612.84,283135.68,1548158.16,1955040.4444444445,135763.0,46397.0,226619.0,15778.0,429894.0,1740674.0,796039.0,854451.0,2536714.0,3391165.0,,33.33567901234567,390.5246913580247,1,2.2
13,0,95924.83333333333,33585.625,41504.71428571428,11589.666666666666,21112.571428571428,966545.64,581612.84,283135.68,1548158.16,1955040.4444444445,135763.0,46397.0,226619.0,15778.0,429894.0,1740674.0,796039.0,854451.0,2536714.0,3391165.0,,33.33567901234567,390.5246913580247,2,12.633333333333333
13,0,95924.83333333333,33585.625,41504.71428571428,11589.666666666666,21112.571428571428,966545.64,581612.84,283135.68,1548158.16,1955040.4444444445,135763.0,46397.0,226619.0,15778.0,429894.0,1740674.0,796039.0,854451.0,2536714.0,3391165.0,,33.33567901234567,390.5246913580247,4,6.366666666666667
13,0,95924.83333333333,33585.625,41504.71428571428,11589.666666666666,21112.571428571428,966545.64,581612.84,283135.68,1548158.16,1955040.4444444445,135763.0,46397.0,226619.0,15778.0,429894.0,1740674.0,796039.0,854451.0,2536714.0,3391165.0,,33.33567901234567,390.5246913580247,5,1.3
13,0,95924.83333333333,33585.625,41504.71428571428,11589.666666666666,21112.571428571428,966545.64,581612.84,283135.68,1548158.16,1955040.4444444445,135763.0,46397.0,226619.0,15778.0,429894.0,1740674.0,796039.0,854451.0,2536714.0,3391165.0,,33.33567901234567,390.5246913580247,6,6.6000000000000005
13,1,95924.83333333333,33585.625,41504.71428571428,11589.666666666666,21112.571428571428,966545.64,581612.84,283135.68,1548158.16,1955040.4444444445,20101.0,7630.0,188784.0,10514.0,13325.0,501746.0,235744.0,240355.0,737490.0,977845.0,,33.33567901234567,390.5246913580247,0,3.5666666666666664
13,1,95924.83333333333,33585.625,41504.71428571428,11589.666666666666,21112.571428571428,966545.64,581612.84,283135.68,1548158.16,1955040.4444444445,20101.0,7630.0,188784.0,10514.0,13325.0,501746.0,235744.0,240355.0,737490.0,977845.0,,33.33567901234567,390.5246913580247,1,2.2
13,1,95924.83333333333,33585.625,41504.71428571428,11589.666666666666,21112.571428571428,966545.64,581612.84,283135.68,1548158.16,1955040.4444444445,20101.0,7630.0,188784.0,10514.0,13325.0,501746.0,235744.0,240355.0,737490.0,977845.0,,33.33567901234567,390.5246913580247,2,12.633333333333333
13,1,95924.83333333333,33585.625,41504.71428571428,11589.666666666666,21112.571428571428,966545.64,581612.84,283135.68,1548158.16,1955040.4444444445,20101.0,7630.0,188784.0,10514.0,13325.0,501746.0,235744.0,240355.0,737490.0,977845.0,,33.33567901234567,390.5246913580247,4,6.366666666666667
13,1,95924.83333333333,33585.625,41504.71428571428,11589.666666666666,21112.571428571428,966545.64,581612.84,283135.68,1548158.16,1955040.4444444445,20101.0,7630.0,188784.0,10514.0,13325.0,501746.0,235744.0,240355.0,737490.0,977845.0,,33.33567901234567,390.5246913580247,5,1.3
13,1,95924.83333333333,33585.625,41504.71428571428,11589.666666666666,21112.571428571428,966545.64,581612.84,283135.68,1548158.16,1955040.4444444445,20101.0,7630.0,188784.0,10514.0,13325.0,501746.0,235744.0,240355.0,737490.0,977845.0,,33.33567901234567,390.5246913580247,6,6.6000000000000005
13,2,95924.83333333333,33585.625,41504.71428571428,11589.666666666666,21112.571428571428,966545.64,581612.84,283135.68,1548158.16,1955040.4444444445,115662.0,38767.0,37835.0,5264.0,416568.0,1238928.0,560295.0,614096.0,1799224.0,2413320.0,,33.33567901234567,390.5246913580247,0,3.5666666666666664
13,2,95924.83333333333,33585.625,41504.71428571428,11589.666666666666,21112.571428571428,966545.64,581612.84,283135.68,1548158.16,1955040.4444444445,115662.0,38767.0,37835.0,5264.0,416568.0,1238928.0,560295.0,614096.0,1799224.0,2413320.0,,33.33567901234567,390.5246913580247,1,2.2
13,2,95924.83333333333,33585.625,41504.71428571428,11589.666666666666,21112.571428571428,966545.64,581612.84,283135.68,1548158.16,1955040.4444444445,115662.0,38767.0,37835.0,5264.0,416568.0,1238928.0,560295.0,614096.0,1799224.0,2413320.0,,33.33567901234567,390.5246913580247,2,12.633333333333333
13,2,95924.83333333333,33585.625,41504.71428571428,11589.666666666666,21112.571428571428,966545.64,581612.84,283135.68,1548158.16,1955040.4444444445,115662.0,38767.0,37835.0,5264.0,416568.0,1238928.0,560295.0,614096.0,1799224.0,2413320.0,,33.33567901234567,390.5246913580247,4,6.366666666666667
13,2,95924.83333333333,33585.625,41504.71428571428,11589.666666666666,21112.571428571428,966545.64,581612.84,283135.68,1548158.16,1955040.4444444445,115662.0,38767.0,37835.0,5264.0,416568.0,1238928.0,560295.0,614096.0,1799224.0,2413320.0,,33.33567901234567,390.5246913580247,5,1.3
13,2,95924.83333333333,33585.625,41504.71428571428,11589.666666666666,21112.571428571428,966545.64,581612.84,283135.68,1548158.16,1955040.4444444445,115662.0,38767.0,37835.0,5264.0,416568.0,1238928.0,560295.0,614096.0,1799224.0,2413320.0,,33.33567901234567,390.5246913580247,6,6.6000000000000005
14,0,176930.0,70011.0,155197.0,16675.0,21240.0,2045309.0,1393645.0,440053.0,3438954.0,3879007.0,79985.17391304347,29891.942028985508,54298.242424242424,9640.363636363636,88543.5303030303,1157712.9605263157,627079.9210526316,447149.3157894737,1784793.144736842,2424300.5555555555,0-99k,33.1,640.0,0,5.658666666666666
14,0,176930.0,70011.0,155197.0,16675.0,21240.0,2045309.0,1393645.0,440053.0,3438954.0,3879007.0,79985.17391304347,29891.942028985508,54298.242424242424,9640.363636363636,88543.5303030303,1157712.9605263157,627079.9210526316,447149.3157894737,1784793.144736842,2424300.5555555555,100k-499k,34.6,668.0,0,5.658666666666666
14,0,176930.0,70011.0,155197.0,16675.0,21240.0,2045309.0,1393645.0,440053.0,3438954.0,3879007.0,79985.17391304347,29891.942028985508,54298.242424242424,9640.363636363636,88543.5303030303,1157712.9605263157,627079.9210526316,447149.3157894737,1784793.144736842,2424300.5555555555,2M-4.99M,6.6,127.0,0,5.658666666666666
14,0,176930.0,70011.0,155197.0,16675.0,21240.0,2045309.0,1393645.0,440053.0,3438954.0,3879007.0,79985.17391304347,29891.942028985508,54298.242424242424,9640.363636363636,88543.5303030303,1157712.9605263157,627079.9210526316,447149.3157894737,1784793.144736842,2424300.5555555555,500k-1.99M,19.2,370.0,0,5.658666666666666
14,0,176930.0,70011.0,155197.0,16675.0,21240.0,2045309.0,1393645.0,440053.0,3438954.0,3879007.0,79985.17391304347,29891.942028985508,54298.242424242424,9640.363636363636,88543.5303030303,1157712.9605263157,627079.9210526316,447149.3157894737,1784793.144736842,2424300.5555555555,5M+,6.5,126.0,0,5.658666666666666
14,0,176930.0,70011.0,155197.0,16675.0,21240.0,2045309.0,1393645.0,440053.0,3438954.0,3879007.0,79985.17391304347,29891.942028985508,54298.242424242424,9640.363636363636,88543.5303030303,1157712.9605263157,627079.9210526316,447149.3157894737,1784793.144736842,2424300.5555555555,Any expenditure,100.0,1931.0,0,5.658666666666666
14,1,59442.0,32585.0,105252.0,7586.0,6971.0,582517.0,382944.0,211835.0,965461.0,1177296.0,79985.17391304347,29891.942028985508,54298.242424242424,9640.363636363636,88543.5303030303,1157712.9605263157,627079.9210526316,447149.3157894737,1784793.144736842,2424300.5555555555,0-99k,40.2,541.0,0,5.658666666666666
14,1,59442.0,32585.0,105252.0,7586.0,6971.0,582517.0,382944.0,211835.0,965461.0,1177296.0,79985.17391304347,29891.942028985508,54298.242424242424,9640.363636363636,88543.5303030303,1157712.9605263157,627079.9210526316,447149.3157894737,1784793.144736842,2424300.5555555555,100k-499k,39.5,531.0,0,5.658666666666666
14,1,59442.0,32585.0,105252.0,7586.0,6971.0,582517.0,382944.0,211835.0,965461.0,1177296.0,79985.17391304347,29891.942028985508,54298.242424242424,9640.363636363636,88543.5303030303,1157712.9605263157,627079.9210526316,447149.3157894737,1784793.144736842,2424300.5555555555,2M-4.99M,2.9,39.0,0,5.658666666666666
14,1,59442.0,32585.0,105252.0,7586.0,6971.0,582517.0,382944.0,211835.0,965461.0,1177296.0,79985.17391304347,29891.942028985508,54298.242424242424,9640.363636363636,88543.5303030303,1157712.9605263157,627079.9210526316,447149.3157894737,1784793.144736842,2424300.5555555555,500k-1.99M,15.5,208.0,0,5.658666666666666
14,1,59442.0,32585.0,105252.0,7586.0,6971.0,582517.0,382944.0,211835.0,965461.0,1177296.0,79985.17391304347,29891.942028985508,54298.242424242424,9640.363636363636,88543.5303030303,1157712.9605263157,627079.9210526316,447149.3157894737,1784793.144736842,2424300.5555555555,5M+,2.0,26.0,0,5.658666666666666
14,1,59442.0,32585.0,105252.0,7586.0,6971.0,582517.0,382944.0,211835.0,965461.0,1177296.0,79985.17391304347,29891.942028985508,54298.242424242424,9640.363636363636,88543.5303030303,1157712.9605263157,627079.9210526316,447149.3157894737,1784793.144736842,2424300.5555555555,Any expenditure,100.0,1345.0,0,5.658666666666666
14,2,117488.0,37426.0,49945.0,9089.0,14269.0,1462792.0,1010701.0,228217.0,2473493.0,2701711.0,79985.17391304347,29891.942028985508,54298.242424242424,9640.363636363636,88543.5303030303,1157712.9605263157,627079.9210526316,447149.3157894737,1784793.144736842,2424300.5555555555,0-99k,16.9,99.0,0,5.658666666666666
14,2,117488.0,37426.0,49945.0,9089.0,14269.0,1462792.0,1010701.0,228217.0,2473493.0,2701711.0,79985.17391304347,29891.942028985508,54298.242424242424,9640.363636363636,88543.5303030303,1157712.9605263157,627079.9210526316,447149.3157894737,1784793.144736842,2424300.5555555555,100k-499k,23.3,137.0,0,5.658666666666666
14,2,117488.0,37426.0,49945.0,9089.0,14269.0,1462792.0,1010701.0,228217.0,2473493.0,2701711.0,79985.17391304347,29891.942028985508,54298.242424242424,9640.363636363636,88543.5303030303,1157712.9605263157,627079.9210526316,447149.3157894737,1784793.144736842,2424300.5555555555,2M-4.99M,15.1,88.0,0,5.658666666666666
14,2,117488.0,37426.0,49945.0,9089.0,14269.0,1462792.0,1010701.0,228217.0,2473493.0,2701711.0,79985.17391304347,29891.942028985508,54298.242424242424,9640.363636363636,88543.5303030303,1157712.9605263157,627079.9210526316,447149.3157894737,1784793.144736842,2424300.5555555555,500k-1.99M,27.7,162.0,0,5.658666666666666
14,2,117488.0,37426.0,49945.0,9089.0,14269.0,1462792.0,1010701.0,228217.0,2473493.0,2701711.0,79985.17391304347,29891.942028985508,54298.242424242424,9640.363636363636,88543.5303030303,1157712.9605263157,627079.9210526316,447149.3157894737,1784793.144736842,2424300.5555555555,5M+,17.0,100.0,0,5.658666666666666
14,2,117488.0,37426.0,49945.0,9089.0,14269.0,1462792.0,1010701.0,228217.0,2473493.0,2701711.0,79985.17391304347,29891.942028985508,54298.242424242424,9640.363636363636,88543.5303030303,1157712.9605263157,627079.9210526316,447149.3157894737,1784793.144736842,2424300.5555555555,Any expenditure,100.0,585.0,0,5.658666666666666
15,0,95924.83333333333,33585.625,41504.71428571428,11589.666666666666,21112.571428571428,966545.64,581612.84,283135.68,1548158.16,1955040.4444444445,79985.17391304347,29891.942028985508,54298.242424242424,9640.363636363636,88543.5303030303,2613573.0,1972629.0,2408772.0,4586202.0,6994975.0,,33.33567901234567,390.5246913580247,0,1.2333333333333334
15,0,95924.83333333333,33585.625,41504.71428571428,11589.666666666666,21112.571428571428,966545.64,581612.84,283135.68,1548158.16,1955040.4444444445,79985.17391304347,29891.942028985508,54298.242424242424,9640.363636363636,88543.5303030303,2613573.0,1972629.0,2408772.0,4586202.0,6994975.0,,33.33567901234567,390.5246913580247,1,4.066666666666666
15,0,95924.83333333333,33585.625,41504.71428571428,11589.666666666666,21112.571428571428,966545.64,581612.84,283135.68,1548158.16,1955040.4444444445,79985.17391304347,29891.942028985508,54298.242424242424,9640.363636363636,88543.5303030303,2613573.0,1972629.0,2408772.0,4586202.0,6994975.0,,33.33567901234567,390.5246913580247,2,13.433333333333332
15,0,95924.83333333333,33585.625,41504.71428571428,11589.666666666666,21112.571428571428,966545.64,581612.84,283135.68,1548158.16,1955040.4444444445,79985.17391304347,29891.942028985508,54298.242424242424,9640.363636363636,88543.5303030303,2613573.0,1972629.0,2408772.0,4586202.0,6994975.0,,33.33567901234567,390.5246913580247,4,4.7
15,0,95924.83333333333,33585.625,41504.71428571428,11589.666666666666,21112.571428571428,966545.64,581612.84,283135.68,1548158.16,1955040.4444444445,79985.17391304347,29891.942028985508,54298.242424242424,9640.363636363636,88543.5303030303,2613573.0,1972629.0,2408772.0,4586202.0,6994975.0,,33.33567901234567,390.5246913580247,5,0.7333333333333334
15,0,95924.83333333333,33585.625,41504.71428571428,11589.666666666666,21112.571428571428,966545.64,581612.84,283135.68,1548158.16,1955040.4444444445,79985.17391304347,29891.942028985508,54298.242424242424,9640.363636363636,88543.5303030303,2613573.0,1972629.0,2408772.0,4586202.0,6994975.0,,33.33567901234567,390.5246913580247,6,5.666666666666667
15,1,95924.83333333333,33585.625,41504.71428571428,11589.666666666666,21112.571428571428,966545.64,581612.84,283135.68,1548158.16,1955040.4444444445,79985.17391304347,29891.942028985508,54298.242424242424,9640.363636363636,88543.5303030303,1157712.9605263157,627079.9210526316,447149.3157894737,1784793.144736842,1143697.0,,33.33567901234567,390.5246913580247,0,1.2333333333333334
15,1,95924.83333333333,33585.625,41504.71428571428,11589.666666666666,21112.571428571428,966545.64,581612.84,283135.68,1548158.16,1955040.4444444445,79985.17391304347,29891.942028985508,54298.242424242424,9640.363636363636,88543.5303030303,1157712.9605263157,627079.9210526316,447149.3157894737,1784793.144736842,1143697.0,,33.33567901234567,390.5246913580247,1,4.066666666666666
15,1,95924.83333333333,33585.625,41504.71428571428,11589.666666666666,21112.571428571428,966545.64,581612.84,283135.68,1548158.16,1955040.4444444445,79985.17391304347,29891.942028985508,54298.242424242424,9640.363636363636,88543.5303030303,1157712.9605263157,627079.9210526316,447149.3157894737,1784793.144736842,1143697.0,,33.33567901234567,390.5246913580247,2,13.433333333333332
15,1,95924.83333333333,33585.625,41504.71428571428,11589.666666666666,21112.571428571428,966545.64,581612.84,283135.68,1548158.16,1955040.4444444445,79985.17391304347,29891.942028985508,54298.242424242424,9640.363636363636,88543.5303030303,1157712.9605263157,627079.9210526316,447149.3157894737,1784793.144736842,1143697.0,,33.33567901234567,390.5246913580247,4,4.7
15,1,95924.83333333333,33585.625,41504.71428571428,11589.666666666666,21112.571428571428,966545.64,581612.84,283135.68,1548158.16,1955040.4444444445,79985.17391304347,29891.942028985508,54298.242424242424,9640.363636363636,88543.5303030303,1157712.9605263157,627079.9210526316,447149.3157894737,1784793.144736842,1143697.0,,33.33567901234567,390.5246913580247,5,0.7333333333333334
15,1,95924.83333333333,33585.625,41504.71428571428,11589.666666666666,21112.571428571428,966545.64,581612.84,283135.68,1548158.16,1955040.4444444445,79985.17391304347,29891.942028985508,54298.242424242424,9640.363636363636,88543.5303030303,1157712.9605263157,627079.9210526316,447149.3157894737,1784793.144736842,1143697.0,,33.33567901234567,390.5246913580247,6,5.666666666666667
15,2,95924.83333333333,33585.625,41504.71428571428,11589.666666666666,21112.571428571428,966545.64,581612.84,283135.68,1548158.16,1955040.4444444445,79985.17391304347,29891.942028985508,54298.242424242424,9640.363636363636,88543.5303030303,1157712.9605263157,627079.9210526316,447149.3157894737,1784793.144736842,5851278.0,,33.33567901234567,390.5246913580247,0,1.2333333333333334
15,2,95924.83333333333,33585.625,41504.71428571428,11589.666666666666,21112.571428571428,966545.64,581612.84,283135.68,1548158.16,1955040.4444444445,79985.17391304347,29891.942028985508,54298.242424242424,9640.363636363636,88543.5303030303,1157712.9605263157,627079.9210526316,447149.3157894737,1784793.144736842,5851278.0,,33.33567901234567,390.5246913580247,1,4.066666666666666
15,2,95924.83333333333,33585.625,41504.71428571428,11589.666666666666,21112.571428571428,966545.64,581612.84,283135.68,1548158.16,1955040.4444444445,79985.17391304347,29891.942028985508,54298.242424242424,9640.363636363636,88543.5303030303,1157712.9605263157,627079.9210526316,447149.3157894737,1784793.144736842,5851278.0,,33.33567901234567,390.5246913580247,2,13.433333333333332
15,2,95924.83333333333,33585.625,41504.71428571428,11589.666666666666,21112.571428571428,966545.64,581612.84,283135.68,1548158.16,1955040.4444444445,79985.17391304347,29891.942028985508,54298.242424242424,9640.363636363636,88543.5303030303,1157712.9605263157,627079.9210526316,447149.3157894737,1784793.144736842,5851278.0,,33.33567901234567,390.5246913580247,4,4.7
15,2,95924.83333333333,33585.625,41504.71428571428,11589.666666666666,21112.571428571428,966545.64,581612.84,283135.68,1548158.16,1955040.4444444445,79985.17391304347,29891.942028985508,54298.242424242424,9640.363636363636,88543.5303030303,1157712.9605263157,627079.9210526316,447149.3157894737,1784793.144736842,5851278.0,,33.33567901234567,390.5246913580247,5,0.7333333333333334
15,2,95924.83333333333,33585.625,41504.71428571428,11589.666666666666,21112.571428571428,966545.64,581612.84,283135.68,1548158.16,1955040.4444444445,79985.17391304347,29891.942028985508,54298.242424242424,9640.363636363636,88543.5303030303,1157712.9605263157,627079.9210526316,447149.3157894737,1784793.144736842,5851278.0,,33.33567901234567,390.5246913580247,6,5.666666666666667
16,0,95924.83333333333,33585.625,41504.71428571428,11589.666666666666,21112.571428571428,2616850.0,1975102.0,2411792.0,4591952.0,7003745.0,79985.17391304347,29891.942028985508,54298.242424242424,9640.363636363636,88543.5303030303,1157712.9605263157,627079.9210526316,447149.3157894737,1784793.144736842,2424300.5555555555,0-99k,34.7,817.0,0,5.658666666666666
16,0,95924.83333333333,33585.625,41504.71428571428,11589.666666666666,21112.571428571428,2616850.0,1975102.0,2411792.0,4591952.0,7003745.0,79985.17391304347,29891.942028985508,54298.242424242424,9640.363636363636,88543.5303030303,1157712.9605263157,627079.9210526316,447149.3157894737,1784793.144736842,2424300.5555555555,100k-499k,31.4,738.0,0,5.658666666666666
16,0,95924.83333333333,33585.625,41504.71428571428,11589.666666666666,21112.571428571428,2616850.0,1975102.0,2411792.0,4591952.0,7003745.0,79985.17391304347,29891.942028985508,54298.242424242424,9640.363636363636,88543.5303030303,1157712.9605263157,627079.9210526316,447149.3157894737,1784793.144736842,2424300.5555555555,2M-4.99M,7.2,168.0,0,5.658666666666666
16,0,95924.83333333333,33585.625,41504.71428571428,11589.666666666666,21112.571428571428,2616850.0,1975102.0,2411792.0,4591952.0,7003745.0,79985.17391304347,29891.942028985508,54298.242424242424,9640.363636363636,88543.5303030303,1157712.9605263157,627079.9210526316,447149.3157894737,1784793.144736842,2424300.5555555555,500k-1.99M,19.3,455.0,0,5.658666666666666
16,0,95924.83333333333,33585.625,41504.71428571428,11589.666666666666,21112.571428571428,2616850.0,1975102.0,2411792.0,4591952.0,7003745.0,79985.17391304347,29891.942028985508,54298.242424242424,9640.363636363636,88543.5303030303,1157712.9605263157,627079.9210526316,447149.3157894737,1784793.144736842,2424300.5555555555,5M+,7.4,173.0,0,5.658666666666666
16,0,95924.83333333333,33585.625,41504.71428571428,11589.666666666666,21112.571428571428,2616850.0,1975102.0,2411792.0,4591952.0,7003745.0,79985.17391304347,29891.942028985508,54298.242424242424,9640.363636363636,88543.5303030303,1157712.9605263157,627079.9210526316,447149.3157894737,1784793.144736842,2424300.5555555555,Any expenditure,100.0,2351.0,0,5.658666666666666
16,1,95924.83333333333,33585.625,41504.71428571428,11589.666666666666,21112.571428571428,966545.64,581612.84,283135.68,1548158.16,1132247.0,79985.17391304347,29891.942028985508,54298.242424242424,9640.363636363636,88543.5303030303,1157712.9605263157,627079.9210526316,447149.3157894737,1784793.144736842,2424300.5555555555,0-99k,41.3,704.0,0,5.658666666666666
16,1,95924.83333333333,33585.625,41504.71428571428,11589.666666666666,21112.571428571428,966545.64,581612.84,283135.68,1548158.16,1132247.0,79985.17391304347,29891.942028985508,54298.242424242424,9640.363636363636,88543.5303030303,1157712.9605263157,627079.9210526316,447149.3157894737,1784793.144736842,2424300.5555555555,100k-499k,35.4,605.0,0,5.658666666666666
16,1,95924.83333333333,33585.625,41504.71428571428,11589.666666666666,21112.571428571428,966545.64,581612.84,283135.68,1548158.16,1132247.0,79985.17391304347,29891.942028985508,54298.242424242424,9640.363636363636,88543.5303030303,1157712.9605263157,627079.9210526316,447149.3157894737,1784793.144736842,2424300.5555555555,2M-4.99M,5.5,93.0,0,5.658666666666666
16,1,95924.83333333333,33585.625,41504.71428571428,11589.666666666666,21112.571428571428,966545.64,581612.84,283135.68,1548158.16,1132247.0,79985.17391304347,29891.942028985508,54298.242424242424,9640.363636363636,88543.5303030303,1157712.9605263157,627079.9210526316,447149.3157894737,1784793.144736842,2424300.5555555555,500k-1.99M,15.6,266.0,0,5.658666666666666
16,1,95924.83333333333,33585.625,41504.71428571428,11589.666666666666,21112.571428571428,966545.64,581612.84,283135.68,1548158.16,1132247.0,79985.17391304347,29891.942028985508,54298.242424242424,9640.363636363636,88543.5303030303,1157712.9605263157,627079.9210526316,447149.3157894737,1784793.144736842,2424300.5555555555,5M+,2.2,37.0,0,5.658666666666666
16,1,95924.83333333333,33585.625,41504.71428571428,11589.666666666666,21112.571428571428,966545.64,581612.84,283135.68,1548158.16,1132247.0,79985.17391304347,29891.942028985508,54298.242424242424,9640.363636363636,88543.5303030303,1157712.9605263157,627079.9210526316,447149.3157894737,1784793.144736842,2424300.5555555555,Any expenditure,100.0,1706.0,0,5.658666666666666
16,2,95924.83333333333,33585.625,41504.71428571428,11589.666666666666,21112.571428571428,966545.64,581612.84,283135.68,1548158.16,5871498.0,79985.17391304347,29891.942028985508,54298.242424242424,9640.363636363636,88543.5303030303,1157712.9605263157,627079.9210526316,447149.3157894737,1784793.144736842,2424300.5555555555,0-99k,17.4,112.0,0,5.658666666666666
16,2,95924.83333333333,33585.625,41504.71428571428,11589.666666666666,21112.571428571428,966545.64,581612.84,283135.68,1548158.16,5871498.0,79985.17391304347,29891.942028985508,54298.242424242424,9640.363636363636,88543.5303030303,1157712.9605263157,627079.9210526316,447149.3157894737,1784793.144736842,2424300.5555555555,100k-499k,20.7,134.0,0,5.658666666666666
16,2,95924.83333333333,33585.625,41504.71428571428,11589.666666666666,21112.571428571428,966545.64,581612.84,283135.68,1548158.16,5871498.0,79985.17391304347,29891.942028985508,54298.242424242424,9640.363636363636,88543.5303030303,1157712.9605263157,627079.9210526316,447149.3157894737,1784793.144736842,2424300.5555555555,2M-4.99M,11.6,75.0,0,5.658666666666666
16,2,95924.83333333333,33585.625,41504.71428571428,11589.666666666666,21112.571428571428,966545.64,581612.84,283135.68,1548158.16,5871498.0,79985.17391304347,29891.942028985508,54298.242424242424,9640.363636363636,88543.5303030303,1157712.9605263157,627079.9210526316,447149.3157894737,1784793.144736842,2424300.5555555555,500k-1.99M,29.2,189.0,0,5.658666666666666
16,2,95924.83333333333,33585.625,41504.71428571428,11589.666666666666,21112.571428571428,966545.64,581612.84,283135.68,1548158.16,5871498.0,79985.17391304347,29891.942028985508,54298.242424242424,9640.363636363636,88543.5303030303,1157712.9605263157,627079.9210526316,447149.3157894737,1784793.144736842,2424300.5555555555,5M+,21.0,136.0,0,5.658666666666666
16,2,95924.83333333333,33585.625,41504.71428571428,11589.666666666666,21112.571428571428,966545.64,581612.84,283135.68,1548158.16,5871498.0,79985.17391304347,29891.942028985508,54298.242424242424,9640.363636363636,88543.5303030303,1157712.9605263157,627079.9210526316,447149.3157894737,1784793.144736842,2424300.5555555555,Any expenditure,100.0,645.0,0,5.658666666666666
17,0,95924.83333333333,33585.625,41504.71428571428,11589.666666666666,21112.571428571428,966545.64,581612.84,283135.68,1548158.16,1955040.4444444445,79985.17391304347,29891.942028985508,54298.242424242424,9640.363636363636,88543.5303030303,2765991.0,1938219.0,1885354.0,4704210.0,6589565.0,,33.33567901234567,390.5246913580247,0,5.658666666666666
17,1,95924.83333333333,33585.625,41504.71428571428,11589.666666666666,21112.571428571428,966545.64,581612.84,283135.68,1548158.16,1955040.4444444445,79985.17391304347,29891.942028985508,54298.242424242424,9640.363636363636,88543.5303030303,1157712.9605263157,627079.9210526316,447149.3157894737,1784793.144736842,1012941.0,,33.33567901234567,390.5246913580247,0,5.658666666666666
17,2,95924.83333333333,33585.625,41504.71428571428,11589.666666666666,21112.571428571428,966545.64,581612.84,283135.68,1548158.16,1955040.4444444445,79985.17391304347,29891.942028985508,54298.242424242424,9640.363636363636,88543.5303030303,1157712.9605263157,627079.9210526316,447149.3157894737,1784793.144736842,5576624.0,,33.33567901234567,390.5246913580247,0,5.658666666666666
